<?xml version="1.0" encoding="UTF-8"?>
<!DOCTYPE mapper PUBLIC "-//mybatis.org//DTD Mapper 3.0//EN" "http://mybatis.org/dtd/mybatis-3-mapper.dtd">
<mapper namespace="dao.EmpDao">
	<!--  
	public List<Emp> selectAll();
	public int insert();
	public int delete();
	public int update();
	-->
	
	<select id="selectAll" resultType="dto.Emp">
		select * from Emp
	</select>
	
	<insert id="insert" >
		insert into emp(empno, ename, job, hiredate) 
		values(#{empno}, #{ename}, #{job}, #{hiredate})
	</insert>
	
	<delete id="delete">
		delete from emp where ename = #{ename}
	</delete>
	
	<update id="update">
		update set emp 
	</update>
</mapper>